username,name,email,password
gazellegather,Uta Thomas,morbi.non@icloud.com,LLL71JXO7FF
rowboataspiring,Holmes Lindsey,fringilla.est.mauris@outlook.com,QNK11HTH4HQ
coltextent,Gisela Bryan,ultrices.mauris.ipsum@yahoo.com,FBT83HMG0CU
sweatergland,Vivian Mccoy,tempus.risus.donec@google.com,UYM45BSB1FQ
latticedrag,Alyssa Lindsey,interdum.nunc@hotmail.com,SII73RWD3KO
pastelcub,Rowan Manning,sociis.natoque@hotmail.com,GHY22KJY9JY
strangeprogrammer,Logan Rollins,id.enim@aol.com,OTD92XSP4WR
joystickbruise,Abigail Murray,ornare@hotmail.com,TQA16OPS1QW
grumblebollard,Jenette Buckley,purus.in@yahoo.com,UOS23XHD3AJ
stringbouquet,Germane Barr,nullam.ut@aol.com,MWY55YGL5HL
roofernovel,Carter Parsons,purus@outlook.com,WRG52SOH3MY
crushedconvince,Dora Jefferson,ipsum.ac.mi@protonmail.com,OUE11EHB8OS
unlikeexuberant,Emi Ferrell,libero.est@yahoo.com,CIJ68LVP0KE
ambitiousload,Lucius Dodson,pharetra.sed@google.com,RTO75DBN7YK
soldiernodule,Wade Nash,imperdiet.ullamcorper.duis@outlook.com,ETE12HHB7RX
breastschestplate,Jada Murray,dictum@aol.com,MMF76PDO1RQ
gladfrankfurter,Conan Coffey,vulputate@yahoo.com,EEU71PQN4TC
guestcounselor,Wayne Trujillo,nulla.interdum.curabitur@aol.com,VER87KHW2YD
cigaretteinventive,Kirk Mays,amet.diam.eu@hotmail.com,RNQ46VXF4KW
conceptcrazy,Erich Lloyd,donec.feugiat@icloud.com,XDO26OOZ2TF
bentaudience,Galvin Foley,hendrerit.donec@aol.com,XRX34EOY8PR
reverseoblongata,Remedios Jarvis,ipsum.dolor@google.com,UMG32EXO3FQ
tallrelief,Philip Guzman,dolor@outlook.com,TTR61YIA4MY
sternpostfiddley,Kitra Knox,scelerisque@yahoo.com,FTH43ONG4EB
meekadhesive,Bernard Mccormick,est.mauris.rhoncus@outlook.com,WNF39IDJ2LG
ventureguideline,Bethany Pace,turpis.egestas@outlook.com,BEU45CYO7XS
jabgasp,Amir Graham,purus.gravida@icloud.com,IYS35CVM7LI
gorgeousdarkness,Laurel Park,libero@yahoo.com,KCL48ICU7QR
flavorvictory,Magee Stanton,eleifend@hotmail.com,KCP05IID4YE
tremendousvapourer,Alice Duke,sit.amet.consectetuer@aol.com,SVS63EBU3QY
homesicksell,Rahim Scott,velit.dui.semper@outlook.com,WWN64UHB2DQ
mundanedad,Ruth Lewis,cursus@hotmail.com,XMR26UYV3QR
keelsonjoystick,Cooper Chaney,velit.eget.laoreet@icloud.com,MVA26TXE7KG
yearningtussock,Hayley Gaines,aenean.sed.pede@icloud.com,IJE88IFC7KQ
breechesinsane,Brittany Baird,orci.lacus.vestibulum@protonmail.com,DVQ08WXV2HR
leftgrant,Ian Coleman,commodo.hendrerit@outlook.com,SDM18GGF4VL
zapaffirm,Ali Pearson,sem@icloud.com,FRN64FHZ4TF
raviolifallacious,Hanna Larsen,metus@google.com,PWX40MPN1UF
subtletyfanny,Libby Wolfe,nisi.mauris@yahoo.com,PMQ02HPX2VG
boundaryurge,Autumn Schroeder,ac.mi@icloud.com,NEK11KIJ5DV
postulaterough,Lillith Roman,ac.tellus@icloud.com,OIU58DCU4IH
stalkcodger,Marshall Carroll,et@yahoo.com,AMM15GBV8RW
gatoradebum,Amery Sullivan,risus.duis@yahoo.com,LII38XWG4HF
carpentertrackball,Bo Lang,nascetur.ridiculus.mus@aol.com,NIZ86JBD7LA
blanketcountry,Desiree Dickson,pulvinar.arcu@yahoo.com,VSI55MFT7ON
identicalfruitful,Sylvia Petersen,tellus.eu@google.com,UOO63YMG3DI
momink,Lacy Heath,sapien.cras@google.com,HKK44TCG3TO
hollowghost,Louis Shelton,nisl.nulla@protonmail.com,NJP21UDI7KP
gentlemeerkat,Scott Mendoza,dictum.cursus@protonmail.com,BIJ85XCU6TO
rubyonline,Kenneth Christensen,tempus.risus@outlook.com,GBR44EXN8TD
untrueimpress,Deacon Stone,mauris.ut.mi@protonmail.com,TYK14UFE0BG
sneezesunny,Felix Rivers,nec@google.com,KYO67PFE7NY
consumerflapjack,Aimee Farmer,magna.praesent.interdum@google.com,ENR05VLB1TD
dnaview,Naomi Baldwin,nunc.mauris@outlook.com,HPJ12MWS8LT
getbefriend,Deacon Rocha,orci.quis@aol.com,ILH53KNY3OX
cranetribe,Wesley Herrera,adipiscing.mauris.molestie@hotmail.com,CPG52OXF6OS
toiletsecond,Amal Golden,mattis@protonmail.com,FQH28ISD7MO
quicktannenbaum,Driscoll Booth,non.quam@protonmail.com,MJT54UXP4YL
capersrank,Beck Stephens,magna.praesent@aol.com,GNC23ADS2GF
freaklollies,Odysseus Higgins,nullam.vitae@outlook.com,WWT51FTR4MD
timberheadtrembling,Darius Solis,congue.elit.sed@protonmail.com,XJM36RHH1GU
replacetwelve,Naomi Mckinney,dignissim@protonmail.com,GHB78GZY8OX
crushingfee,Jarrod Little,erat.volutpat@hotmail.com,TQS57WUP8DC
digitalbirth,Candace Head,mauris.quis.turpis@outlook.com,SBV40SCB3HP
injurefeathered,Conan Mccray,nullam.feugiat@google.com,WPO27QFA9WG
commotionhoarse,Camille Goodman,vestibulum.massa.rutrum@aol.com,XME54REE8DW
absorbedthud,Caesar Miller,integer.id@aol.com,GPR66LYH5ME
whitenessignoramus,Patrick Sloan,nec.leo@aol.com,PIM42GWG4BX
snobbysnatch,Castor Fuentes,nunc.sollicitudin.commodo@yahoo.com,RYF62ERO6XY
reiteratemath,Brett Aguilar,accumsan.convallis@yahoo.com,UWK12FNL3OZ
almoststale,Bradley Velez,suspendisse@protonmail.com,SKG35KMY2LK
disciplinecortege,Ezekiel Estes,tincidunt.congue.turpis@aol.com,OTY51NPZ1GX
facilitytimenoguy,Signe Mckinney,erat.nonummy@hotmail.com,MWR81HPK8SV
tonightcurrant,Camilla Brennan,nunc.sed@google.com,IIK99VUB8GS
fennelteenager,Chanda Elliott,iaculis@icloud.com,IPL81IAV1EO
swissgiant,Paula Clements,vivamus.rhoncus.donec@hotmail.com,VNS72DXQ8MR
paramedicdunlin,Illana Forbes,molestie.arcu@icloud.com,DKT51UYY2UE
deltasmizzenmast,Signe Mitchell,nec.orci@hotmail.com,YJK45FWI3TY
raiseemerge,Austin Austin,donec.porttitor@yahoo.com,RTL63EXY3GP
unlessopen,Keely Nieves,lectus.justo.eu@outlook.com,TVH36QOM5DN
kidneytouchy,Kitra Gillespie,aliquam.iaculis@yahoo.com,UIS09JSR1IH
guessguy,Nasim Farrell,mi@icloud.com,IWX24BLB7OM
prettyingtrice,Lacy Coleman,cras.vehicula@google.com,JCC17YCM3TG
trackballkangaroo,Scarlett O'connor,lobortis.mauris.suspendisse@yahoo.com,MLU83OBR7FC
christmastideskulk,Gareth Armstrong,facilisis@aol.com,EPW15POU6OY
complaintinitial,Zeus Goff,aliquam.adipiscing@protonmail.com,JMR33YLT7SW
worthlessexplosion,Judah Galloway,auctor.ullamcorper@yahoo.com,ETD68CNL8KX
adaptablevowel,Martena Cervantes,ante.iaculis.nec@yahoo.com,TJV40REM1FY
sympathypoodle,Cheyenne Pena,mi.aliquam.gravida@icloud.com,TQX65DST6JE
dandelionhillbilly,Solomon Ryan,et.lacinia@yahoo.com,GEL43VXJ1GG
meetingelfin,Whoopi Pena,interdum@protonmail.com,LWZ47BSF1WK
bogeymanflowerpot,Risa Craig,tempor.lorem@hotmail.com,JFS40FOL9RL
playingbittern,Charles Mcclain,nec.eleifend@yahoo.com,CEV41OIR3US
tricepsambitious,Norman Koch,et@google.com,OVW01CYN3MO
sayunlucky,Emerson Sexton,suspendisse@outlook.com,ZDU83ROX1TA
ignorantexplain,Logan Bird,luctus.aliquet@aol.com,AMP42GXM7FL
wimpwool,Colorado Haynes,justo@hotmail.com,THR38MVJ8BV
tellingadditional,Samson Mckenzie,sit.amet@google.com,ZPP14HFB4YM
rakegross,Brennan Hebert,quam@outlook.com,OFA88WGG4XN
kisstrip,Willa Dalton,libero@icloud.com,DYO37KEE3NM
vowelmetro,Thomas Morton,egestas@outlook.com,VYR57FKI6TC
attemptlabor,Hashim Hanson,magna.nec@google.com,RUO57GBR7XB
smallpalate,Cleo Mccormick,a@google.com,FVE97RBV3BT
meanhello,Mara Gardner,ut.molestie@icloud.com,NOA83DQS6BP
spanfasten,Yoko Wheeler,maecenas@google.com,ESH75YRH4CT
squelchsuit,Trevor Massey,pede.sagittis@hotmail.com,HPR22PNU7EQ
lacrosseticktock,Genevieve Jarvis,hendrerit.a@yahoo.com,GNP35RLY4TS
embraceafraid,Naida Zamora,donec.consectetuer@yahoo.com,EUK19KKH1TM
financialoff,Florence Marshall,ornare.facilisis.eget@protonmail.com,DJW60NEG8VJ
agreeleggings,Gannon Griffin,amet.orci@icloud.com,QVL51KSH4NT
postboxsing,Zeph Wiley,et.pede@google.com,MPC51YJO0VU
wrinklesfishing,Tiger Sparks,quis.accumsan@yahoo.com,EQJ54GXV4BP
slimeballsystem,Jillian Glenn,tempor.augue@icloud.com,EBN52MVJ7KC
rootbelgian,Brenna Leblanc,ante@protonmail.com,YRI10MCX8QO
loinclothafford,Flavia Franco,tempor.erat@outlook.com,UUA63KDT0RM
giganticendermite,Nomlanga Gamble,arcu.eu.odio@protonmail.com,DHG53CMR2JZ
poloshirtluxurious,Sage Mcneil,ornare.egestas@protonmail.com,EKD91SNO5DO
essexlikeable,Kiona Burton,rutrum@hotmail.com,NKH67XMM6EG
rampantabundant,Shad Johns,morbi.metus@protonmail.com,MBQ46KYM6QI
linedinfantile,Jacqueline Mckee,sagittis@icloud.com,MMR15NNZ2OM
europeanshortbread,Kadeem Lucas,posuere.at.velit@aol.com,ICF34BLE8DT
surfinghighly,Christopher Buckley,sapien.gravida.non@outlook.com,LYH48PXS0WS
enchantingactress,Anjolie Stuart,dictum.mi@icloud.com,NCS67HOU8PH
frenchseries,Karen Valentine,erat.volutpat.nulla@outlook.com,IAR51SMK1VW
synonymousscratchy,Tiger Ellison,ac.mattis@protonmail.com,IIJ47BIL7LF
breezynerd,Zorita Griffin,lorem@outlook.com,GPP81XTI5PK
utilityscheme,Adam Gilmore,vitae@protonmail.com,TND21QOS7VV
pullovertorch,Abdul Rowland,eu@outlook.com,YQF56POJ3SL
fretclue,Jayme White,donec.est@outlook.com,JIY44RTE5BL
stickvalue,Sasha Garza,egestas.sed@icloud.com,SQD56NAN7EF
dollgreedy,Tanya Stein,nec.metus.facilisis@google.com,RGY18DBQ4GO
clearlyfuttock,Timon Armstrong,nascetur@outlook.com,EGU30TAB5KI
americandemure,Lara Stephenson,aliquet.metus@outlook.com,VOG44MUH1IQ
waitingunkempt,Channing Scott,ante@outlook.com,MDD57NVY6NA
economistirritated,Rhonda Sweet,ipsum.curabitur@yahoo.com,OUA21UBD9TL
shapebadly,Clinton Jones,luctus.et@yahoo.com,KLS81HWM3PF
disappearused,Cameron Moss,suspendisse.non@yahoo.com,KRY94LGM8NW
honkyplastic,Vielka Lynn,cras.pellentesque@icloud.com,GPH76QBM7PZ
connectionmall,Quynn Avila,ac@yahoo.com,KJA51GUV5GH
submissiveheinz,Shannon Price,a.mi@icloud.com,SNL28LEV8VJ
genoashamrock,Faith Wiley,aliquam.ultrices@icloud.com,LFJ36HEX6TM
liquidbroken,Grace Underwood,dignissim.maecenas@protonmail.com,SJY57ELF7RZ
lustfulhorseradish,Morgan Hines,malesuada.fringilla.est@outlook.com,QEW85VUV4YB
exceptincome,Clinton Walter,dolor.sit.amet@protonmail.com,IES37OPK2IH
startkiller,Finn Wise,non@yahoo.com,QFM86NNQ9RV
lipsticklarge,Hop Sloan,risus.quis@google.com,NJN13VRT8TJ
crumblegymnasium,Scarlett Macias,sed.dictum@outlook.com,BDF82QJG7CQ
connectarmpit,Justina Ratliff,donec.at@icloud.com,CYX67FML6CT
roughfrequent,Rudyard Sheppard,lacinia@yahoo.com,HOM76KWI6FG
waswire,Risa Best,placerat.augue.sed@hotmail.com,AYU68KYS1FI
delightedcrown,Kenneth Pacheco,amet.ultricies@aol.com,WRJ65MSV9SB
fountaindisagree,Gregory Ratliff,id.erat@protonmail.com,YTM83NKX1XH
huskmary,Raya Goodman,vulputate.eu.odio@google.com,HMU90HQH3AJ
wordalluring,Hunter Green,fringilla.mi@icloud.com,CVJ51VMU6IW
evanescentworthwhile,Brynne Barker,quis.arcu@protonmail.com,OXG09VXH2GY
codgerventure,Indira Bradley,nunc.est@protonmail.com,YTV17JUG5OR
gooddrag,Christopher Hutchinson,convallis.ligula@yahoo.com,IIY41UOV2CI
stoatclothe,Hakeem Daniels,et.magnis@google.com,BFO65BNN2GB
timelyviper,Phoebe Mcdaniel,sed@yahoo.com,QAP13SVK1FF
burnishjump,Jermaine Macdonald,quisque.imperdiet@icloud.com,BMJ07WQR1VN
desertedferry,Genevieve Lancaster,suscipit@hotmail.com,CKB24AVR1VW
senseready,Demetrius Espinoza,blandit@google.com,CMB83GXN4DS
downrighthorror,Sopoline Contreras,elit@icloud.com,VYZ79IHO9TH
wadersmend,Steven Foreman,ullamcorper@yahoo.com,EXS83GIE3PN
visarifle,Faith Boone,magna.sed@outlook.com,OCH42MKJ8TD
eggargrudging,Caleb Malone,bibendum.ullamcorper.duis@outlook.com,APG07ECQ2OE
girlconsume,Francesca Byers,aenean.euismod@google.com,QBX25YJN5JY
diversityviewer,Jarrod Horton,mauris.ut.mi@hotmail.com,GQQ53DKG0ON
hoverheal,Jesse Blackburn,ut.eros.non@google.com,FNO67BQY1UQ
trafalgardisgusted,Whoopi Day,tristique.pharetra.quisque@hotmail.com,WRT79ZUS4EV
dominantaccompany,Gabriel Herring,et.magnis@google.com,OLB74HER9SH
suffermoo,Hermione Rivera,velit.justo@icloud.com,WSC73LYE2PG
countersimilarly,Zia George,vitae@outlook.com,QEK48IKO8QS
eatletter,Deanna Diaz,aliquam.erat@aol.com,GNG31HTN3SD
voterminstrel,Zena Vinson,nulla@aol.com,TTN18IMH2SU
thesesafflower,Calista Espinoza,integer@hotmail.com,EXG88ZHS5VN
woodencute,Cally Shaffer,duis.elementum@yahoo.com,MBW14PSZ3ID
beandiscerning,Jacqueline Mayo,lacus@protonmail.com,TLS54FKL5IR
variationexpand,Reed Holder,ridiculus.mus@google.com,DWP89HOD9RS
passiveeducated,Wayne Owen,ipsum.cursus@icloud.com,SUS41LXG7UO
articulatesmiley,Hadley Paul,orci@outlook.com,TKC12ULK6YF
teemingdeltoid,Wanda Tillman,convallis.ligula@icloud.com,ZJS73PTE7LW
serviceratio,Britanni Kinney,leo.in@protonmail.com,VXN29IQF5LK
morbidterrible,Aline Valenzuela,vel.convallis@icloud.com,JQL14DIG4LN
sausagesruddy,Brett Spencer,condimentum@outlook.com,DKU56HSE0EH
trendthree,Chancellor Barrera,velit@hotmail.com,SNL02ASX4RC
draftyrecent,Uma Hines,dolor.quam.elementum@icloud.com,XJY13IMF0WS
coveragepiquant,Whitney Byers,pede.blandit.congue@outlook.com,UXX26KBX8QM
runnerslime,Samuel Copeland,enim.mi@protonmail.com,ZSM78IIO8TS
hornetprevent,Juliet Chavez,non.enim@protonmail.com,SKR07DAX1LA
fallingjuice,Libby Underwood,cras.vulputate@icloud.com,JES37LMS1WL
spacesuitgrove,Hanna Glover,congue.in@protonmail.com,VKE56XXR8DF
hyphaehumdrum,Katell Craft,pellentesque.ut@yahoo.com,SMA54ORN5OO
peplumamphora,Ethan Bender,pede@outlook.com,BND58KKL8HT
gravellywrathful,Neve Good,nec.tempus@google.com,ECY35MBS7SG
adoredworkshop,Brett Dean,ultricies.dignissim@protonmail.com,ONV82XOQ4JK
restroombadger,Ahmed Little,tellus.lorem.eu@aol.com,AXF42QTJ7JW
indiscreetforked,Hamilton Case,eu.sem@yahoo.com,DSX71HIF4ES
footballmega,Colin Neal,mauris@outlook.com,NNS96CFX5QC
sealsham,MacKensie Mckinney,nibh@protonmail.com,ZHN36MKI8GR
